{"cameraMode":{"drawMode":0,"name":"Shaded","section":"Shading Mode"},"sceneLighting":false,"audioPlay":false,"sceneViewState":{"m_AlwaysRefresh":false,"showFog":true,"showSkybox":false,"showFlares":true,"showImageEffects":true,"showParticleSystems":true,"showVisualEffectGraphs":true,"m_FxEnabled":true},"in2DMode":false,"pivot":{"x":-0.38342761993408205,"y":-0.033504366874694827,"z":0.7802960872650147},"rotation":{"x":0.15449288487434388,"y":-0.4131227433681488,"z":0.0713404193520546,"w":0.8946390151977539},"size":2.1920082569122316,"orthographic":false}