{"cameraMode":{"drawMode":0,"name":"Shaded","section":"Shading Mode"},"sceneLighting":false,"audioPlay":false,"sceneViewState":{"m_AlwaysRefresh":false,"showFog":true,"showSkybox":false,"showFlares":true,"showImageEffects":true,"showParticleSystems":true,"showVisualEffectGraphs":true,"m_FxEnabled":true},"in2DMode":false,"pivot":{"x":0.3820720911026001,"y":0.7172789573669434,"z":-0.10549211502075196},"rotation":{"x":0.15962129831314088,"y":-0.2715829312801361,"z":0.04571777954697609,"w":0.9479990005493164},"size":1.631532907485962,"orthographic":false}